Speaker,Nr. turns,MLM,MLM max,DLcontext,DLfact
Thomas,25,0.28458447908922024,0.5462092213193103,0.9035822752,0.8908578488000001
Fina,28,0.3240674079769729,0.514228270600726,0.6832947645714285,0.8838905832142857
Imme,30,0.4149312892158999,0.6023721802515083,0.791449882,0.8396068846666667
